channel,model,purchases_credited,purchase_share,purchase_share_ci_low,purchase_share_ci_high,revenue_credited_usd,revenue_share
(Other),GA report (last non-direct click),1.0,0.0002,0.0,0.0006,11.99,2e-05
Affiliates,GA report (last non-direct click),3.0,0.00059,0.0,0.00137,53.95,8e-05
Direct,GA report (last non-direct click),1650.0,0.32519,0.31077,0.33846,319666.178,0.46767
Display,GA report (last non-direct click),97.0,0.01912,0.01557,0.0229,29813.69,0.04362
Organic Search,GA report (last non-direct click),2719.0,0.53587,0.52203,0.55064,258680.662,0.37845
Paid Search,GA report (last non-direct click),377.0,0.0743,0.06749,0.08189,38915.78,0.05693
Referral,GA report (last non-direct click),150.0,0.02956,0.02493,0.03472,30513.628,0.04464
Social,GA report (last non-direct click),77.0,0.01518,0.01205,0.01874,5877.26,0.0086
(Other),Last touch,1.0,0.0002,0.0,0.0006,11.99,2e-05
Affiliates,Last touch,1.0,0.0002,0.0,0.00061,9.97,1e-05
Direct,Last touch,3098.0,0.61056,0.59689,0.62354,523474.668,0.76584
Display,Last touch,50.0,0.00985,0.0072,0.01236,9498.456,0.0139
Organic Search,Last touch,1518.0,0.29917,0.28616,0.31192,110326.956,0.16141
Paid Search,Last touch,282.0,0.05558,0.04939,0.06224,27338.21,0.04
Referral,Last touch,72.0,0.01419,0.01126,0.01759,10168.938,0.01488
Social,Last touch,52.0,0.01025,0.00737,0.01308,2703.95,0.00396
(Other),First touch,1.0,0.0002,0.0,0.0006,11.99,2e-05
Affiliates,First touch,3.0,0.00059,0.0,0.00137,53.95,8e-05
Direct,First touch,2238.0,0.44107,0.42721,0.45556,438453.146,0.64145
Display,First touch,72.0,0.01419,0.01119,0.01752,9713.998,0.01421
Organic Search,First touch,2270.0,0.44738,0.43288,0.46247,184995.046,0.27065
Paid Search,First touch,369.0,0.07272,0.06549,0.08055,36523.198,0.05343
Referral,First touch,62.0,0.01222,0.00914,0.01558,10186.08,0.0149
Social,First touch,59.0,0.01163,0.00871,0.01449,3595.73,0.00526
(Other),Linear,1.2,0.00024,0.0,0.00067,38.614,6e-05
Affiliates,Linear,2.16667,0.00043,0.0,0.00097,44.445,7e-05
Direct,Linear,2755.26466,0.54302,0.52998,0.55539,491216.83922,0.71864
Display,Linear,60.36446,0.0119,0.00925,0.01431,9354.30931,0.01369
Organic Search,Linear,1811.5993,0.35704,0.34517,0.36932,138807.78037,0.20307
Paid Search,Linear,321.51836,0.06337,0.05707,0.06998,31196.01382,0.04564
Referral,Linear,67.17262,0.01324,0.01048,0.01598,9477.47934,0.01387
Social,Linear,54.71394,0.01078,0.00811,0.01345,3397.65693,0.00497
(Other),Position-based,1.06667,0.00021,0.0,0.00062,20.86467,3e-05
Affiliates,Position-based,2.1,0.00041,0.0,0.00097,39.451,6e-05
Direct,Position-based,2704.78414,0.53307,0.52017,0.54534,484973.24855,0.70951
Display,Position-based,61.04426,0.01203,0.00952,0.01452,9523.25172,0.01393
Organic Search,Position-based,1857.95472,0.36617,0.35403,0.37852,144216.3852,0.21099
Paid Search,Position-based,324.75659,0.064,0.05765,0.07071,31763.3619,0.04647
Referral,Position-based,67.13738,0.01323,0.01054,0.01602,9749.66241,0.01426
Social,Position-based,55.15625,0.01087,0.00812,0.01352,3246.91256,0.00475
(Other),Markov (data-driven),1.66755,0.00033,1e-05,0.00079,130.2347,0.00019
Affiliates,Markov (data-driven),16.22882,0.0032,0.00257,0.00391,2973.49836,0.00435
Direct,Markov (data-driven),2507.81978,0.49425,0.48402,0.50392,420188.08604,0.61473
Display,Markov (data-driven),70.87335,0.01397,0.01142,0.01663,10855.8368,0.01588
Organic Search,Markov (data-driven),1936.35996,0.38162,0.37196,0.39153,184586.55144,0.27005
Paid Search,Markov (data-driven),341.61035,0.06733,0.06158,0.07351,35568.96098,0.05204
Referral,Markov (data-driven),110.48689,0.02178,0.01871,0.02484,17347.58516,0.02538
Social,Markov (data-driven),88.95329,0.01753,0.01511,0.02031,11882.38451,0.01738
