month,channel,segment,sessions,purchases,revenue_usd,revenue_capped_usd
2016-08-01,(Other),External,2,0,0.0,0.0
2016-08-01,Affiliates,External,1907,2,82.72,82.72
2016-08-01,Affiliates,Internal (Google employees),2,0,0.0,0.0
2016-08-01,Direct,External,11739,193,33019.46,32740.11
2016-08-01,Direct,Internal (Google employees),424,6,1970.38,1970.38
2016-08-01,Display,External,403,13,1521.02,1521.02
2016-08-01,Display,Internal (Google employees),46,1,56.0,56.0
2016-08-01,Organic Search,External,23672,319,59331.26,47075.76
2016-08-01,Organic Search,Internal (Google employees),430,5,943.03,943.03
2016-08-01,Organic Search,Key account,41,0,0.0,0.0
2016-08-01,Paid Search,External,1451,29,3493.53,3493.53
2016-08-01,Paid Search,Internal (Google employees),16,0,0.0,0.0
2016-08-01,Referral,External,2519,12,1732.13,1732.13
2016-08-01,Referral,Internal (Google employees),6735,557,86189.05,77922.18
2016-08-01,Social,External,25342,8,1638.69,1638.69
2016-08-01,Social,Internal (Google employees),30,0,0.0,0.0
2016-09-01,(Other),External,3,0,0.0,0.0
2016-09-01,Affiliates,External,1350,0,0.0,0.0
2016-09-01,Affiliates,Internal (Google employees),2,0,0.0,0.0
2016-09-01,Direct,External,8985,137,37517.83,21925.46
2016-09-01,Direct,Internal (Google employees),296,6,2070.14,2070.14
2016-09-01,Display,External,369,9,2782.82,2732.16
2016-09-01,Display,Internal (Google employees),47,2,165.29,165.29
2016-09-01,Organic Search,External,25301,249,26915.76,24838.6
2016-09-01,Organic Search,Internal (Google employees),309,6,1360.93,1360.93
2016-09-01,Organic Search,Key account,27,0,0.0,0.0
2016-09-01,Paid Search,External,1576,35,4940.94,4940.94
2016-09-01,Paid Search,Internal (Google employees),13,0,0.0,0.0
2016-09-01,Referral,External,2671,16,1650.12,1650.12
2016-09-01,Referral,Internal (Google employees),5356,403,58826.42,57532.85
2016-09-01,Social,External,24688,5,307.26,307.26
2016-09-01,Social,Internal (Google employees),39,2,76.56,76.56
2016-10-01,Affiliates,External,1132,1,12.99,12.99
2016-10-01,Affiliates,Internal (Google employees),1,0,0.0,0.0
2016-10-01,Direct,External,9122,153,43872.82,42425.29
2016-10-01,Direct,Internal (Google employees),254,8,1483.38,1483.38
2016-10-01,Display,External,509,6,568.03,568.03
2016-10-01,Display,Internal (Google employees),71,1,146.8,146.8
2016-10-01,Organic Search,External,32993,291,33058.04,31289.25
2016-10-01,Organic Search,Internal (Google employees),287,5,799.96,799.96
2016-10-01,Organic Search,Key account,19,0,0.0,0.0
2016-10-01,Paid Search,External,1924,35,2995.69,2995.69
2016-10-01,Paid Search,Internal (Google employees),18,0,0.0,0.0
2016-10-01,Referral,External,2782,14,2395.42,2395.42
2016-10-01,Referral,Internal (Google employees),6300,355,38971.75,38553.96
2016-10-01,Social,External,42081,3,110.9,110.9
2016-10-01,Social,Internal (Google employees),13,0,0.0,0.0
2016-11-01,(Other),External,1,0,0.0,0.0
2016-11-01,Affiliates,External,1302,0,0.0,0.0
2016-11-01,Affiliates,Internal (Google employees),4,0,0.0,0.0
2016-11-01,Direct,External,11223,156,36633.46,32446.68
2016-11-01,Direct,Internal (Google employees),306,6,3362.57,3362.57
2016-11-01,Display,External,618,11,822.9,822.9
2016-11-01,Display,Internal (Google employees),68,2,737.28,737.28
2016-11-01,Organic Search,External,31725,277,31127.36,30212.37
2016-11-01,Organic Search,Internal (Google employees),291,7,516.34,516.34
2016-11-01,Organic Search,Key account,23,0,0.0,0.0
2016-11-01,Paid Search,External,2423,46,3918.72,3918.72
2016-11-01,Paid Search,Internal (Google employees),24,0,0.0,0.0
2016-11-01,Referral,External,2984,17,5449.16,5449.16
2016-11-01,Referral,Internal (Google employees),5762,393,49969.2,48526.02
2016-11-01,Social,External,57186,4,353.94,353.94
2016-11-01,Social,Internal (Google employees),32,0,0.0,0.0
2016-12-01,Affiliates,External,934,0,0.0,0.0
2016-12-01,Affiliates,Internal (Google employees),8,0,0.0,0.0
2016-12-01,Direct,External,13944,209,39875.54,38200.05
2016-12-01,Direct,Internal (Google employees),304,8,2933.88,2933.88
2016-12-01,Display,External,741,13,1637.34,1637.34
2016-12-01,Display,Internal (Google employees),86,1,816.1,816.1
2016-12-01,Organic Search,External,31684,365,26551.46,26468.65
2016-12-01,Organic Search,Internal (Google employees),302,15,1518.66,1518.66
2016-12-01,Organic Search,Key account,22,0,0.0,0.0
2016-12-01,Paid Search,External,3594,77,6810.36,6810.36
2016-12-01,Paid Search,Internal (Google employees),37,2,303.6,303.6
2016-12-01,Referral,External,2732,28,4674.58,4674.58
2016-12-01,Referral,Internal (Google employees),8166,668,81657.13,73137.9
2016-12-01,Social,External,16556,8,423.42,423.42
2016-12-01,Social,Internal (Google employees),14,1,121.98,121.98
2017-01-01,(Other),External,6,0,0.0,0.0
2017-01-01,Affiliates,External,1233,0,0.0,0.0
2017-01-01,Affiliates,Internal (Google employees),10,0,0.0,0.0
2017-01-01,Direct,External,13123,114,31860.25,31486.65
2017-01-01,Direct,Internal (Google employees),258,2,264.81,264.81
2017-01-01,Display,External,591,21,2678.44,2678.44
2017-01-01,Display,Internal (Google employees),69,2,187.11,187.11
2017-01-01,Organic Search,External,28561,201,19766.21,18358.48
2017-01-01,Organic Search,Internal (Google employees),205,5,1459.27,1459.27
2017-01-01,Organic Search,Key account,3,0,0.0,0.0
2017-01-01,Paid Search,External,2505,28,2553.82,2553.82
2017-01-01,Paid Search,Internal (Google employees),28,1,109.95,109.95
2017-01-01,Referral,External,2491,11,3917.25,3917.25
2017-01-01,Referral,Internal (Google employees),5157,306,43196.2,42902.54
2017-01-01,Social,External,10438,6,254.84,254.84
2017-01-01,Social,Internal (Google employees),16,0,0.0,0.0
2017-02-01,Affiliates,External,1214,1,30.99,30.99
2017-02-01,Direct,External,10157,159,36031.97,34760.88
2017-02-01,Direct,Internal (Google employees),211,14,3772.14,3772.14
2017-02-01,Direct,Key account,18,1,17859.5,1605.91
2017-02-01,Display,External,454,8,1540.9,1540.9
2017-02-01,Display,Internal (Google employees),72,2,88.96,88.96
2017-02-01,Organic Search,External,30082,216,17334.21,17334.21
2017-02-01,Organic Search,Internal (Google employees),249,11,1820.8,1820.8
2017-02-01,Organic Search,Key account,1,0,0.0,0.0
2017-02-01,Paid Search,External,2025,21,2321.35,2321.35
2017-02-01,Paid Search,Internal (Google employees),21,3,180.53,180.53
2017-02-01,Referral,External,2828,11,2756.14,2756.14
2017-02-01,Referral,Internal (Google employees),4107,249,31889.78,31889.78
2017-02-01,Social,External,10705,9,334.97,334.97
2017-02-01,Social,Internal (Google employees),48,3,149.36,149.36
2017-03-01,(Other),External,4,0,0.0,0.0
2017-03-01,Affiliates,External,1465,1,9.97,9.97
2017-03-01,Affiliates,Internal (Google employees),3,0,0.0,0.0
2017-03-01,Direct,External,10977,145,45342.27,40932.1
2017-03-01,Direct,Internal (Google employees),241,8,2505.19,2505.19
2017-03-01,Direct,Key account,28,0,0.0,0.0
2017-03-01,Display,External,343,3,269.74,269.74
2017-03-01,Display,Internal (Google employees),56,2,234.13,234.13
2017-03-01,Display,Key account,12,1,8680.83,1605.91
2017-03-01,Organic Search,External,34739,312,36553.5,33958.91
2017-03-01,Organic Search,Internal (Google employees),221,8,729.65,729.65
2017-03-01,Paid Search,External,1225,20,2406.82,2406.82
2017-03-01,Paid Search,Internal (Google employees),15,0,0.0,0.0
2017-03-01,Referral,External,3179,7,4774.05,4774.05
2017-03-01,Referral,Internal (Google employees),4471,372,46272.36,46272.36
2017-03-01,Social,External,12928,4,2446.19,2446.19
2017-03-01,Social,Internal (Google employees),24,0,0.0,0.0
2017-04-01,(Other),External,85,1,11.99,11.99
2017-04-01,(Other),Internal (Google employees),13,0,0.0,0.0
2017-04-01,Affiliates,External,1365,0,0.0,0.0
2017-04-01,Affiliates,Internal (Google employees),1,0,0.0,0.0
2017-04-01,Direct,External,12469,160,26669.5,23646.77
2017-04-01,Direct,Internal (Google employees),189,7,1173.55,1173.55
2017-04-01,Display,External,148,2,273.08,273.08
2017-04-01,Display,Internal (Google employees),32,1,194.71,194.71
2017-04-01,Display,Key account,29,5,92775.96,8029.54
2017-04-01,Organic Search,External,32094,281,23598.56,23598.56
2017-04-01,Organic Search,Internal (Google employees),251,12,2448.77,2448.77
2017-04-01,Paid Search,External,1167,25,4702.64,4702.64
2017-04-01,Paid Search,Internal (Google employees),22,2,179.21,179.21
2017-04-01,Referral,External,3420,9,712.51,712.51
2017-04-01,Referral,Internal (Google employees),4366,412,69640.65,56536.47
2017-04-01,Social,External,11465,7,231.13,231.13
2017-04-01,Social,Internal (Google employees),10,4,155.72,155.72
2017-05-01,(Other),External,4,0,0.0,0.0
2017-05-01,(Other),Internal (Google employees),1,0,0.0,0.0
2017-05-01,Affiliates,External,1317,0,0.0,0.0
2017-05-01,Direct,External,15343,287,34380.86,32853.5
2017-05-01,Direct,Internal (Google employees),256,22,3337.36,3337.36
2017-05-01,Display,External,354,5,3025.77,1857.57
2017-05-01,Display,Internal (Google employees),47,1,49.59,49.59
2017-05-01,Display,Key account,26,1,416.96,416.96
2017-05-01,Organic Search,External,32710,271,25994.95,24904.16
2017-05-01,Organic Search,Internal (Google employees),489,18,2754.81,2754.81
2017-05-01,Paid Search,External,1867,35,3797.84,3797.84
2017-05-01,Paid Search,Internal (Google employees),20,1,64.1,64.1
2017-05-01,Referral,External,3602,22,1756.24,1756.24
2017-05-01,Referral,Internal (Google employees),5649,419,58727.61,53982.11
2017-05-01,Social,External,3628,27,1299.56,1299.56
2017-05-01,Social,Internal (Google employees),58,6,346.35,346.35
2017-06-01,Affiliates,External,1313,0,0.0,0.0
2017-06-01,Direct,External,10287,124,25875.78,19201.22
2017-06-01,Direct,Internal (Google employees),166,6,867.55,867.55
2017-06-01,Display,External,269,2,198.94,198.94
2017-06-01,Display,Internal (Google employees),55,0,0.0,0.0
2017-06-01,Display,Key account,18,8,8679.27,7050.53
2017-06-01,Organic Search,External,35505,245,31309.38,26463.45
2017-06-01,Organic Search,Internal (Google employees),324,10,1822.38,1822.38
2017-06-01,Paid Search,External,3155,55,4467.6,4467.6
2017-06-01,Paid Search,Internal (Google employees),25,3,273.87,273.87
2017-06-01,Referral,External,3412,14,3063.55,2299.96
2017-06-01,Referral,Internal (Google employees),6195,474,51303.09,51303.09
2017-06-01,Social,External,2829,4,115.05,115.05
2017-06-01,Social,Internal (Google employees),25,1,16.38,16.38
2017-07-01,(Other),External,1,0,0.0,0.0
2017-07-01,Affiliates,External,1781,4,517.71,517.71
2017-07-01,Affiliates,Internal (Google employees),7,0,0.0,0.0
2017-07-01,Direct,External,12194,120,62447.57,23942.16
2017-07-01,Direct,Internal (Google employees),112,2,853.36,853.36
2017-07-01,Display,External,621,19,1748.3,1748.3
2017-07-01,Display,Internal (Google employees),60,0,0.0,0.0
2017-07-01,Display,Key account,9,0,0.0,0.0
2017-07-01,Organic Search,External,37394,288,27421.14,26533.05
2017-07-01,Organic Search,Internal (Google employees),261,20,1210.84,1210.84
2017-07-01,Paid Search,External,2090,48,3743.03,3743.03
2017-07-01,Paid Search,Internal (Google employees),15,2,196.35,196.35
2017-07-01,Referral,External,3567,15,1154.32,1154.32
2017-07-01,Referral,Internal (Google employees),5951,511,61432.76,60432.98
2017-07-01,Social,External,7729,2,14.48,14.48
2017-07-01,Social,Internal (Google employees),20,0,0.0,0.0
